id,name,email,phone
57551,Alexa Bailey,alexa_bailey80@jane.name,982.490.3079 x541
19961,Lesly Bins,lesly.bins24@selena.org,874-618-7184 x93069
33210,Jimmie Bergstrom,jimmie_bergstrom10@melyssa.net,995.546.3662 x492
33944,Donato Gutmann,donato_gutmann31@federico.name,(724) 301-4960 x8933
19169,Elza Koepp,elza16@sylvia.net,1-876-809-2331 x759
37169,Creola Lueilwitz,creola.lueilwitz2@eliane.org,1-335-987-7310 x32030
69941,Trevor Hoppe,trevor_hoppe45@jamir.name,709-546-2730 x0576
26844,Tess Schumm,tess87@marilyne.biz,447-789-3451 x65936
47451,Milo Sawayn,milo43@zetta.biz,(234) 989-1570 x67374
61199,Tobin Mante,tobin3@garry.org,598.772.1310 x31472
